"GEO_ID","id"
"NAME","Geographic Area Name"
"P3_001N"," !!Total:"
"P3_002N"," !!Total:!!Population of one race:"
"P3_003N"," !!Total:!!Population of one race:!!White alone"
"P3_004N"," !!Total:!!Population of one race:!!Black or African American alone"
"P3_005N"," !!Total:!!Population of one race:!!American Indian and Alaska Native alone"
"P3_006N"," !!Total:!!Population of one race:!!Asian alone"
"P3_007N"," !!Total:!!Population of one race:!!Native Hawaiian and Other Pacific Islander alone"
"P3_008N"," !!Total:!!Population of one race:!!Some Other Race alone"
"P3_009N"," !!Total:!!Population of two or more races:"
"P3_010N"," !!Total:!!Population of two or more races:!!Population of two races:"
"P3_011N"," !!Total:!!Population of two or more races:!!Population of two races:!!White; Black or African American"
"P3_012N"," !!Total:!!Population of two or more races:!!Population of two races:!!White; American Indian and Alaska Native"
"P3_013N"," !!Total:!!Population of two or more races:!!Population of two races:!!White; Asian"
"P3_014N"," !!Total:!!Population of two or more races:!!Population of two races:!!White; Native Hawaiian and Other Pacific Islander"
"P3_015N"," !!Total:!!Population of two or more races:!!Population of two races:!!White; Some Other Race"
"P3_016N"," !!Total:!!Population of two or more races:!!Population of two races:!!Black or African American; American Indian and Alaska Native"
"P3_017N"," !!Total:!!Population of two or more races:!!Population of two races:!!Black or African American; Asian"
"P3_018N"," !!Total:!!Population of two or more races:!!Population of two races:!!Black or African American; Native Hawaiian and Other Pacific Islander"
"P3_019N"," !!Total:!!Population of two or more races:!!Population of two races:!!Black or African American; Some Other Race"
"P3_020N"," !!Total:!!Population of two or more races:!!Population of two races:!!American Indian and Alaska Native; Asian"
"P3_021N"," !!Total:!!Population of two or more races:!!Population of two races:!!American Indian and Alaska Native; Native Hawaiian and Other Pacific Islander"
"P3_022N"," !!Total:!!Population of two or more races:!!Population of two races:!!American Indian and Alaska Native; Some Other Race"
"P3_023N"," !!Total:!!Population of two or more races:!!Population of two races:!!Asian; Native Hawaiian and Other Pacific Islander"
"P3_024N"," !!Total:!!Population of two or more races:!!Population of two races:!!Asian; Some Other Race"
"P3_025N"," !!Total:!!Population of two or more races:!!Population of two races:!!Native Hawaiian and Other Pacific Islander; Some Other Race"
"P3_026N"," !!Total:!!Population of two or more races:!!Population of three races:"
"P3_027N"," !!Total:!!Population of two or more races:!!Population of three races:!!White; Black or African American; American Indian and Alaska Native"
"P3_028N"," !!Total:!!Population of two or more races:!!Population of three races:!!White; Black or African American; Asian"
"P3_029N"," !!Total:!!Population of two or more races:!!Population of three races:!!White; Black or African American; Native Hawaiian and Other Pacific Islander"
"P3_030N"," !!Total:!!Population of two or more races:!!Population of three races:!!White; Black or African American; Some Other Race"
"P3_031N"," !!Total:!!Population of two or more races:!!Population of three races:!!White; American Indian and Alaska Native; Asian"
"P3_032N"," !!Total:!!Population of two or more races:!!Population of three races:!!White; American Indian and Alaska Native; Native Hawaiian and Other Pacific Islander"
"P3_033N"," !!Total:!!Population of two or more races:!!Population of three races:!!White; American Indian and Alaska Native; Some Other Race"
"P3_034N"," !!Total:!!Population of two or more races:!!Population of three races:!!White; Asian; Native Hawaiian and Other Pacific Islander"
"P3_035N"," !!Total:!!Population of two or more races:!!Population of three races:!!White; Asian; Some Other Race"
"P3_036N"," !!Total:!!Population of two or more races:!!Population of three races:!!White; Native Hawaiian and Other Pacific Islander; Some Other Race"
"P3_037N"," !!Total:!!Population of two or more races:!!Population of three races:!!Black or African American; American Indian and Alaska Native; Asian"
"P3_038N"," !!Total:!!Population of two or more races:!!Population of three races:!!Black or African American; American Indian and Alaska Native; Native Hawaiian and Other Pacific Islander"
"P3_039N"," !!Total:!!Population of two or more races:!!Population of three races:!!Black or African American; American Indian and Alaska Native; Some Other Race"
"P3_040N"," !!Total:!!Population of two or more races:!!Population of three races:!!Black or African American; Asian; Native Hawaiian and Other Pacific Islander"
"P3_041N"," !!Total:!!Population of two or more races:!!Population of three races:!!Black or African American; Asian; Some Other Race"
"P3_042N"," !!Total:!!Population of two or more races:!!Population of three races:!!Black or African American; Native Hawaiian and Other Pacific Islander; Some Other Race"
"P3_043N"," !!Total:!!Population of two or more races:!!Population of three races:!!American Indian and Alaska Native; Asian; Native Hawaiian and Other Pacific Islander"
"P3_044N"," !!Total:!!Population of two or more races:!!Population of three races:!!American Indian and Alaska Native; Asian; Some Other Race"
"P3_045N"," !!Total:!!Population of two or more races:!!Population of three races:!!American Indian and Alaska Native; Native Hawaiian and Other Pacific Islander; Some Other Race"
"P3_046N"," !!Total:!!Population of two or more races:!!Population of three races:!!Asian; Native Hawaiian and Other Pacific Islander; Some Other Race"
"P3_047N"," !!Total:!!Population of two or more races:!!Population of four races:"
"P3_048N"," !!Total:!!Population of two or more races:!!Population of four races:!!White; Black or African American; American Indian and Alaska Native; Asian"
"P3_049N"," !!Total:!!Population of two or more races:!!Population of four races:!!White; Black or African American; American Indian and Alaska Native; Native Hawaiian and Other Pacific Islander"
"P3_050N"," !!Total:!!Population of two or more races:!!Population of four races:!!White; Black or African American; American Indian and Alaska Native; Some Other Race"
"P3_051N"," !!Total:!!Population of two or more races:!!Population of four races:!!White; Black or African American; Asian; Native Hawaiian and Other Pacific Islander"
"P3_052N"," !!Total:!!Population of two or more races:!!Population of four races:!!White; Black or African American; Asian; Some Other Race"
"P3_053N"," !!Total:!!Population of two or more races:!!Population of four races:!!White; Black or African American; Native Hawaiian and Other Pacific Islander; Some Other Race"
"P3_054N"," !!Total:!!Population of two or more races:!!Population of four races:!!White; American Indian and Alaska Native; Asian; Native Hawaiian and Other Pacific Islander"
"P3_055N"," !!Total:!!Population of two or more races:!!Population of four races:!!White; American Indian and Alaska Native; Asian; Some Other Race"
"P3_056N"," !!Total:!!Population of two or more races:!!Population of four races:!!White; American Indian and Alaska Native; Native Hawaiian and Other Pacific Islander; Some Other Race"
"P3_057N"," !!Total:!!Population of two or more races:!!Population of four races:!!White; Asian; Native Hawaiian and Other Pacific Islander; Some Other Race"
"P3_058N"," !!Total:!!Population of two or more races:!!Population of four races:!!Black or African American; American Indian and Alaska Native; Asian; Native Hawaiian and Other Pacific Islander"
"P3_059N"," !!Total:!!Population of two or more races:!!Population of four races:!!Black or African American; American Indian and Alaska Native; Asian; Some Other Race"
"P3_060N"," !!Total:!!Population of two or more races:!!Population of four races:!!Black or African American; American Indian and Alaska Native; Native Hawaiian and Other Pacific Islander; Some Other Race"
"P3_061N"," !!Total:!!Population of two or more races:!!Population of four races:!!Black or African American; Asian; Native Hawaiian and Other Pacific Islander; Some Other Race"
"P3_062N"," !!Total:!!Population of two or more races:!!Population of four races:!!American Indian and Alaska Native; Asian; Native Hawaiian and Other Pacific Islander; Some Other Race"
"P3_063N"," !!Total:!!Population of two or more races:!!Population of five races:"
"P3_064N"," !!Total:!!Population of two or more races:!!Population of five races:!!White; Black or African American; American Indian and Alaska Native; Asian; Native Hawaiian and Other Pacific Islander"
"P3_065N"," !!Total:!!Population of two or more races:!!Population of five races:!!White; Black or African American; American Indian and Alaska Native; Asian; Some Other Race"
"P3_066N"," !!Total:!!Population of two or more races:!!Population of five races:!!White; Black or African American; American Indian and Alaska Native; Native Hawaiian and Other Pacific Islander; Some Other Race"
"P3_067N"," !!Total:!!Population of two or more races:!!Population of five races:!!White; Black or African American; Asian; Native Hawaiian and Other Pacific Islander; Some Other Race"
"P3_068N"," !!Total:!!Population of two or more races:!!Population of five races:!!White; American Indian and Alaska Native; Asian; Native Hawaiian and Other Pacific Islander; Some Other Race"
"P3_069N"," !!Total:!!Population of two or more races:!!Population of five races:!!Black or African American; American Indian and Alaska Native; Asian; Native Hawaiian and Other Pacific Islander; Some Other Race"
"P3_070N"," !!Total:!!Population of two or more races:!!Population of six races:"
"P3_071N"," !!Total:!!Population of two or more races:!!Population of six races:!!White; Black or African American; American Indian and Alaska Native; Asian; Native Hawaiian and Other Pacific Islander; Some Other Race"
